{"cameraMode":{"drawMode":0,"name":"Shaded","section":"Shading Mode"},"sceneLighting":true,"audioPlay":false,"sceneViewState":{"m_AlwaysRefresh":false,"showFog":true,"showSkybox":true,"showFlares":true,"showImageEffects":true,"showParticleSystems":true,"showVisualEffectGraphs":true,"m_FxEnabled":true},"in2DMode":false,"pivot":{"x":-30.099834442138673,"y":5.454123497009277,"z":11.509744644165039},"rotation":{"x":0.010106146335601807,"y":-0.9425643086433411,"z":0.02857121452689171,"w":0.33273157477378847},"size":8.398813247680664,"orthographic":false}